date,city,temperature_2m_above_ground,specific_humidity_2m_above_ground,relative_humidity_2m_above_ground,u_component_of_wind_10m_above_ground,v_component_of_wind_10m_above_ground,precipitable_water_entire_atmosphere,total_precipitation_surface
19-01-01,Algeirs,12.997080491703601,0.0054498059157996855,59.79567857954794,0.2767808013151666,0.3042927007499506,10.394207216324167,0.014403307858214556
19-01-02,Algeirs,12.89427904141923,0.005065879419021378,56.0215220124312,0.841563321620658,0.05942461332111131,10.619730996408146,0.12223397646286571
19-01-03,Algeirs,12.485344785414052,0.004899004816594712,55.66998500188736,1.1914349635773045,0.2422353379902882,11.051283283226384,0.2599503996574365
19-01-04,Algeirs,12.272789630395486,0.0049393954392485985,56.8109921481733,0.8307943840165981,-0.0045834022810992995,11.098150691268565,0.4209264157181316
19-01-05,Algeirs,12.715251142783876,0.005258033605228817,58.598432563009425,0.5662980169201542,0.4300813166448584,12.056112915404919,0.1876189750562641
19-01-06,Algeirs,12.309268584255141,0.005282753781493336,60.3215803289181,0.2816704535783418,-0.3878542450930639,11.965709861943083,0.6711271567891973
19-01-07,Algeirs,11.81716594567282,0.005361820105839891,63.020562804272906,-0.058438264876343966,-1.1280827657557884,12.469927737154824,0.9243652710052515
19-01-08,Algeirs,11.16228243676877,0.00494039274572954,60.65128253016003,-0.0984173149715451,-0.7466716235126144,11.433234188575451,0.6883527522505627
19-01-09,Algeirs,11.181268810635796,0.004767222134423945,58.43277541854197,0.7231387101064459,-0.36961543223364607,11.598632304029454,0.7406765753938485
19-01-10,Algeirs,11.603674893046676,0.004736044447003938,56.693186961701294,1.0782980796172497,-0.28526571404466344,11.50339201169853,0.801566602588147
19-01-11,Algeirs,12.245957142629011,0.0047741914193621645,54.42127209891973,1.7051893382455232,0.6051820527286732,11.279482023872921,0.40137553919729935
19-01-12,Algeirs,12.9639863368363,0.005018412797969074,54.60629438329976,1.5208405535333214,0.9605682078077611,11.960153321795508,0.1460492076144036
19-01-13,Algeirs,12.974958490484912,0.005303380012316406,57.64372038390525,2.0094245356715796,1.0647830888849252,13.059605801684553,0.3713331653225807
19-01-14,Algeirs,13.231292497959869,0.005587201695950586,59.80565474734483,1.917442652302977,1.065311090952674,13.390820427635783,0.3950528647786947
19-01-15,Algeirs,13.051695951016965,0.0057232767613916,61.74052159557285,2.1338970559287866,1.3742940362376923,14.175273152834837,0.5007050590772694
19-01-16,Algeirs,12.539786892838865,0.005670387521462782,63.16885411576588,3.5475388332036393,0.9132346089603972,14.829278536470689,1.200336412228057
19-01-17,Algeirs,12.160624793125093,0.0058092334017183144,66.04003198935587,3.678716126028031,0.21326664976472556,15.463696341284757,1.36808538072018
19-01-18,Algeirs,12.13714960961096,0.005703259562877977,64.84550210483434,4.494196274946488,0.2809834810128602,14.998147877147568,1.2111801387846965
19-01-19,Algeirs,11.422369832484735,0.005477074725716358,64.97320758645371,4.894776242976403,-0.8615491047176275,14.452850545536998,1.7449177724118532
19-01-20,Algeirs,11.491724911294266,0.0053896190222571605,63.777605740780764,4.7015849668398175,-1.8268003651997886,13.950837016145893,1.832605612340585
19-01-21,Algeirs,11.642132904613778,0.005241156556748215,61.56558124101529,4.951015701042824,-1.8165936427968716,13.288854690836233,1.6233827011440358
19-01-22,Algeirs,11.649677420413832,0.005126573748522231,59.994783844772535,5.1788924018100655,-1.8651554963522181,12.753320507078092,1.4764487996999252
19-01-23,Algeirs,12.625858093113067,0.005271120122793039,57.98697449785378,4.514281344101462,-1.8812646520643677,12.919327475247933,1.134292655195049
19-01-24,Algeirs,12.84572320624767,0.005444927719871976,59.135887982339135,4.39045905121238,-1.347370942840743,12.581293544604739,0.8916075698612155
19-01-25,Algeirs,13.487011804602325,0.005867928318357597,61.34689145268844,4.789886522675232,-0.9017485207706258,13.7825805445609,0.7474672379032257
19-01-26,Algeirs,13.834009258244686,0.006033406584730032,61.52557308670282,4.766170129458198,0.04183162563084522,14.613542477385227,0.5547657422168042
19-01-27,Algeirs,13.978643485038695,0.006067614112750978,61.14977051800386,5.330082350882876,-0.28779529502118095,15.209199063105416,0.477684850900225
19-01-28,Algeirs,13.497217702186116,0.005940105213823157,61.75818484525258,5.0090941479563975,-0.11701775011346685,15.203839611566702,0.5326903014816204
19-01-29,Algeirs,13.638834131273937,0.006019371516374612,61.873021213416315,4.916766139036211,0.4787850507713944,15.634303882268707,0.6492931826706677
19-01-30,Algeirs,12.979443002802567,0.005695871937489572,60.9737766211049,3.8591969829607384,0.5118322059315169,14.470806302405219,0.745035575300075
19-01-31,Algeirs,13.000895641982412,0.005503224963992348,58.88165760263857,4.07402718108397,0.28518784400968117,13.729468307518369,0.47754800028132033
19-02-01,Algeirs,12.37841085389619,0.005089417334514725,57.21687146315249,3.6771291335916967,-0.04036394956542094,11.96560793452619,0.5498016105588898
19-02-02,Algeirs,12.623532928386828,0.0052243121489361525,57.91645726531586,2.2968412963372264,-0.6795081331804343,11.869930779779663,0.378510936327832
19-02-03,Algeirs,12.857734034424679,0.005151877148606438,56.5441644085321,0.9323463589671728,-0.13718889626331057,11.43674873767137,0.14815002578769695
19-02-04,Algeirs,13.360227173607232,0.005508140010944556,58.864503337115345,0.5544720981619236,0.1235231219734273,12.572066055301967,0.12384424231057764
19-02-05,Algeirs,14.055838093253433,0.005736579283573599,58.88302089901501,0.39994202475247415,0.2773554107150551,12.61696614624635,0.22623722336834215
19-02-06,Algeirs,14.647695801657136,0.00579303333438785,57.29748342648897,0.27711309103166404,0.4945597948998531,11.247076935433439,0.02032011909227307
19-02-07,Algeirs,14.48882261721265,0.005917478035869942,59.07499703765362,-0.0019562684027932668,0.10394515515871483,11.640972270913261,0.12636879923105776
19-02-08,Algeirs,14.27748229004635,0.0059052612242831756,59.81311846161282,-0.8444230848368497,0.18886615262837975,10.841365004027375,0.08182641363465866
19-02-09,Algeirs,14.377046075264504,0.005905272444623108,59.42734099029153,-1.212092713311343,0.20933666802789136,11.055491040764407,0.061144094617404346
19-02-10,Algeirs,14.058936782430736,0.006036422645729441,61.953292665111334,-1.7345770818523134,-0.031556651175063975,12.005176172311025,0.07424981245311328
19-02-11,Algeirs,14.287300293300898,0.005794911184614969,58.389128187654265,-2.088511263965822,0.12961320859687459,11.864682614550677,0.0949544026631658
19-02-12,Algeirs,14.299701634297769,0.005448377201653631,55.079487815309264,-2.064486653081483,0.3233542256265978,10.068449269600677,0.02994860043135784
19-02-13,Algeirs,14.790805379949306,0.005084900093466705,49.82311482748767,-1.7486956361304455,0.832324643400688,8.620338416835105,0.0254354604276069
19-02-14,Algeirs,14.689659687566127,0.005165724500967078,51.07206421694358,-1.7985572748892567,1.0741973684461887,8.37543874774226,0.015327562359339837
19-02-15,Algeirs,14.540432082059786,0.005444472683064608,54.31695669101578,-1.6664281274247623,0.8987548839064363,9.509931703916816,0.012697803357089274
19-02-16,Algeirs,14.077416474356129,0.005582008834189478,57.42874043368793,-1.6328628720869738,0.6646574068298721,10.274253646913142,0.031049559264816205
19-02-17,Algeirs,13.960022649743737,0.005982431441878708,62.05099931276568,-1.5078424058663353,0.1997914603437672,11.385243362212933,0.040920679388597156
19-02-18,Algeirs,13.687852964523048,0.006113127744248796,64.65674274532043,-1.2289050775603472,-0.09212935447292624,10.919827822774135,0.01174981245311328
19-02-19,Algeirs,13.725960384377661,0.005852332915551384,61.67486419963014,-1.0210736692975333,-0.1917205366145805,9.462633622050374,0.016492990435108778
19-02-20,Algeirs,13.63077027291547,0.005940487767749278,62.82255848633645,-0.847413803011694,-0.39423764035284375,9.987301310252981,0.02380263034508627
19-02-21,Algeirs,13.068665509893039,0.005856608217419667,64.15457756815329,-0.5136444063517526,-0.3274324227870269,10.79420943054282,0.08385572955738936
19-02-22,Algeirs,13.206348629813567,0.005672697085712615,61.4910763415911,0.009917872341982005,-0.16953946028495023,11.592109138414052,0.06709548480870217
19-02-23,Algeirs,13.235491827316057,0.005859838007724279,63.43936667045256,-0.47225404525707737,-0.5473032750429221,12.340301003573716,0.06318102963240811
19-02-24,Algeirs,13.425947754381474,0.0054731187886946754,58.87794413267002,-0.4903348575468592,-0.15658187806489407,11.305256771169384,0.04476949315453864
19-02-25,Algeirs,14.188824882850914,0.005578759178368905,57.10925817494096,0.6580184653485632,0.21275390374521044,11.327848514731182,0.05762817657539384
19-02-26,Algeirs,14.46129793351715,0.005477322181269524,55.443010369423895,1.1314652555102651,0.2901480493266008,11.060018404728028,0.21844084067891972
19-02-27,Algeirs,15.181115704484402,0.005718517380367065,54.797046300449146,2.0871480430351146,0.4682207086004626,11.692409867654147,0.14003862293698424
19-02-28,Algeirs,15.87803719099198,0.006084517957104265,55.45620662509634,1.1648926018398753,0.4941414091927919,12.155400319282311,0.04082631986121531
19-03-01,Algeirs,15.961472469796501,0.00620636489274716,56.837726920892315,0.6337255532582637,0.5818853989547467,12.751534333775924,0.08162362856339085
19-03-02,Algeirs,16.13006734955358,0.006524341345550469,59.246846834600916,0.7936856084988972,0.5756827353744112,13.74673189217447,0.06274762049887471
19-03-03,Algeirs,16.145605803287427,0.006536724747323037,59.306290460741806,0.35423222537195614,0.03809696229688536,14.629117573327079,0.06762266738559641
19-03-04,Algeirs,15.83083415063649,0.006494051118124605,59.97190679341265,1.2812395214831866,0.20611418762624142,14.624954639754169,0.1201097149287322
19-03-05,Algeirs,15.704964176158153,0.006382652365485571,59.16783230866336,1.7119688524476488,0.20816003315793172,14.533213892724401,0.1549110910540135
19-03-06,Algeirs,15.324871174840421,0.006555216995496526,62.34240764851689,1.1749236246350692,-0.30549482944333073,14.812303266760917,0.05225085568267068
19-03-07,Algeirs,14.722245928227249,0.006783172189211665,66.75962561760643,-0.16342918608685175,-0.7327895544978169,14.618873433863769,0.11955527944486123
19-03-08,Algeirs,14.480026501099873,0.0068144458067824895,68.03777077438595,-0.5717842855195614,-0.9476721601193707,14.232802667163051,0.2015150271942986
19-03-09,Algeirs,14.869250778604803,0.006650027775849363,64.99351358867102,-0.26615414310131,-0.6331852385048276,13.092342560580148,0.039110851931732936
19-03-10,Algeirs,14.801399165995765,0.006401572066018579,62.938104455057875,0.3267292310092916,-0.5262851534645135,13.224564087326064,0.35086095742685675
19-03-11,Algeirs,15.496175530613423,0.006511690295203347,61.30756839630037,-0.5029681178996293,-0.4484421566145734,13.850045905769186,0.1800880884283571
19-03-12,Algeirs,15.847303280469292,0.006508701492050257,59.97175026179612,-0.24701326122296852,-0.2998330049393292,13.692836837634857,0.2501224915603901
19-03-13,Algeirs,15.622192469952635,0.006448809474840096,60.23284243041202,-0.7850203775965316,-0.721504064328733,13.864395787375187,0.24844541213428356
19-03-14,Algeirs,15.294185318199412,0.006420219619206044,61.113062147645245,-1.5453982094856598,-0.8685003087803983,13.961381311109886,0.29175907258064515
19-03-15,Algeirs,15.609263986300128,0.006684728594162927,62.29441261031265,-2.1630470463766334,-1.3514792967916966,15.165914228920734,0.39877772177419357
19-03-16,Algeirs,15.796624481705043,0.006680987600879642,61.763131585804395,-2.1583151155300078,-1.1844416422699848,15.578574087073369,0.41587349962490633
19-03-17,Algeirs,14.927064750683028,0.006761265828876397,65.24374048903933,-2.0939152499482536,-0.9646373595221801,16.77568464227082,0.37585070095648915
19-03-18,Algeirs,14.617859985769563,0.007175290581077426,70.19058698937131,-2.491921381590202,-1.4280109243511687,18.705529476933613,0.6622679107276821
19-03-19,Algeirs,14.312774803865794,0.007084283236592705,70.82761942374465,-2.585389673645867,-1.7405266465243128,17.926432607532536,0.561035962115529
19-03-20,Algeirs,14.93451918439605,0.007162294641052585,69.40025005888778,-2.5209959775165167,-1.3749089277126825,18.60529274233105,0.6080264206676669
19-03-21,Algeirs,15.890734458917814,0.007398003496851725,68.03399135615712,-2.5944569898948946,-1.1600704768930947,19.246276759139953,0.5424494795573894
19-03-22,Algeirs,16.06708991557984,0.007454092189600529,67.48898475887358,-2.9923582382254894,-0.7502844361292823,19.955703175626834,0.22370680560765194
19-03-23,Algeirs,15.238156256851203,0.007314700811890628,69.02700037090561,-3.1932581886729197,-1.067521548401179,18.642787850341314,0.18071871483495877
19-03-24,Algeirs,15.119611138288917,0.007026571101996442,66.7537661041609,-3.3364509602966037,-1.355955300376455,16.95079704416666,0.2870273232370593
19-03-25,Algeirs,14.957965730207999,0.006739185158627617,64.82511568260837,-3.0228421194266564,-1.1624372737475144,16.019449681282847,0.1761947322768192
19-03-26,Algeirs,14.961765705117422,0.006434120403258452,62.08191410400593,-2.1409684346361577,-0.6268640389875277,15.680049763059849,0.19185489731807956
19-03-27,Algeirs,15.705447097658327,0.006986319494178864,64.29181352729469,-2.222741958940295,-0.02714434602059075,18.001528607826437,0.193243916447862
19-03-28,Algeirs,16.066025047416925,0.007248938583636334,65.36621948182807,-1.1270363885545882,0.259139363796122,19.094959164953554,0.35726949315453865
19-03-29,Algeirs,15.978937280115673,0.0073004371290759235,65.47443393573491,0.5477600828755715,0.6464080680471079,19.86448357043549,0.36471276022130533
19-03-30,Algeirs,16.883179536835414,0.007595197805685579,64.57674901188538,0.9099662806062608,0.6242283223828888,20.325757380334036,0.3329188742498124
19-03-31,Algeirs,15.522158664952547,0.007070327972774396,64.50031416951849,1.3294516835497991,0.16133308435451346,18.368784178130536,0.31046511627906975
19-04-01,Algeirs,15.495353985047595,0.007546761746437794,69.32930821557737,1.563377781566733,0.18549659378970643,18.95277161130937,0.24102236496624158
19-04-02,Algeirs,15.983262000545585,0.007366060977723081,65.66830039218415,2.4436830462498813,0.32584387007806664,17.92974300311413,0.2834416611965492
19-04-03,Algeirs,15.579708394839923,0.007114830242011145,64.89440540938294,3.071746957641994,0.4774064285874961,17.35129691753634,0.38258597852588144
19-04-04,Algeirs,15.859116337626858,0.007159763542734473,64.31899555943913,3.7272133962061167,0.8089441261576783,17.84673157430911,0.2699966007126782
19-04-05,Algeirs,16.107051768807505,0.006791520065312325,60.0955466044906,4.535030448464907,1.0373882654815927,16.90974646894358,0.23964389534883726
19-04-06,Algeirs,16.23465018719567,0.006677462193666992,58.840315942959236,4.030745904363753,0.9644373056461092,15.846616045340328,0.26797490388222056
19-04-07,Algeirs,16.029964979448117,0.006841587543604839,61.036384224453464,3.0119396452703042,0.6619662035023515,16.501991652445245,0.144752203675919
19-04-08,Algeirs,16.20306037393463,0.006851275499222105,60.882252982238676,2.489227074089538,0.5837546752106878,15.863149430323883,0.22302929247936987
19-04-09,Algeirs,17.156025733289763,0.006610141046882902,55.99070462075195,2.171096153824152,0.7631400030527483,14.654621171584632,0.056493810952738185
19-04-10,Algeirs,17.216162168183935,0.006869898052517233,57.52441120827368,1.6750153896061648,0.2988871295401061,15.057921304156347,0.06113530335708927
19-04-11,Algeirs,17.823019214295524,0.007065113671897101,57.55736784257571,0.4128541054552173,0.043652288163704776,15.769946381840953,0.030052923387096777
19-04-12,Algeirs,18.03599906228868,0.007387518203696657,59.20130477994794,0.09986369410690296,-0.18108349720785696,16.52249787063949,0.05803169542385596
19-04-13,Algeirs,19.132746426038125,0.007832500360472866,58.75328159607718,-0.5985326650239734,-0.24530239695879785,17.128902488303027,0.09944028975993999
19-04-14,Algeirs,18.807795990774583,0.00818885497732957,62.8732878330768,-0.261526596242871,-0.4816507681462427,18.692911196081425,0.2643719523630908
19-04-15,Algeirs,18.06394595556146,0.008435905132875362,67.22522685889096,0.002750343070184053,-0.8299457667483602,19.809491856804225,0.2601430631095274
19-04-16,Algeirs,17.466312606479782,0.00875468779733135,71.96935784773815,0.5878902398354562,-0.9128390082390231,20.812617758768265,0.271988114216054
19-04-17,Algeirs,17.86781789632306,0.008991796582114473,72.57444746877945,1.0461075869727063,-0.46003706007554496,21.990623768893563,0.36563056779819963
19-04-18,Algeirs,17.051790461930356,0.008695065832761657,73.80586145254158,1.6950949285893773,-0.43062538434374276,22.35682295646242,0.6149389886534133
19-04-19,Algeirs,16.479918483210643,0.008576538390351166,74.39193132940488,1.8190127627886405,-0.27281671810711383,22.03685925726772,0.38333059827456867
19-04-20,Algeirs,17.28918871954719,0.00870107745240009,72.232291700307,1.2801048157326913,-0.14930280602131493,22.747638495088694,0.5077697158664666
19-04-21,Algeirs,17.50003386109038,0.008154031124079251,67.07357983438038,0.46746632172168856,-0.38599007469844004,20.13188024758622,0.3819673668417104
19-04-22,Algeirs,17.439796191342364,0.007851988472006393,64.99316330251172,0.06380169913391055,-0.5425802411493303,19.23586282775935,0.21418000984621155
19-04-23,Algeirs,17.467393089575104,0.007659787624360088,63.155343153542894,-0.6010485475865438,-0.9557150745433016,17.634845812277785,0.2633489427044261
19-04-24,Algeirs,17.373951557357106,0.007608494043360439,62.85034342024976,-1.329786385206814,-0.9721398406751169,17.07316074402638,0.14250779491747936
19-04-25,Algeirs,17.753095637419705,0.007937504299601493,64.07547271822239,-1.501021082539586,-1.145937187015052,16.853981936346834,0.11761329004126034
19-04-26,Algeirs,17.641796041089655,0.007945482427864256,64.66268068426817,-2.7516358142171176,-1.4571737036980568,15.89195371530866,0.07607458505251312
19-04-27,Algeirs,18.100375690016858,0.008190906568144259,64.72490404836236,-3.256179474751463,-1.5649644022542588,16.704080789959352,0.1506584653975994
19-04-28,Algeirs,18.44315601643659,0.00821732258841529,63.520680119029045,-2.980234227629785,-1.3669811432534487,18.155493311482275,0.11957403413353339
19-04-29,Algeirs,18.407450583387345,0.00838873401150467,64.98819466852551,-3.1746791983672784,-1.4946086279806179,19.443299111634474,0.1824095672355589
19-04-30,Algeirs,18.37749439934927,0.008522869815611258,66.13487804665749,-2.0079403829828646,-1.0450892822202014,20.55025143516484,0.23418188531507883
19-05-01,Algeirs,19.553876568765155,0.00862763868785222,62.97039268066002,-2.078353099384654,-1.071713246440812,20.051986662731615,0.23286436843585895
19-05-02,Algeirs,19.99226048062485,0.008715073707965811,62.00846106065277,-1.2543495192188663,-1.016394049836682,19.54812038082515,0.20655798715303827
19-05-03,Algeirs,19.676376048586967,0.00850088456505438,61.51528948314729,-0.8557337284939187,-1.0205077353026648,17.991599362686177,0.08126054951237809
19-05-04,Algeirs,19.524246689152072,0.00816516008679184,59.54430676529663,-0.5031517087479275,-0.7828310344965963,18.047432767624972,0.07058883861590398
19-05-05,Algeirs,20.71817474322332,0.008844747674248487,60.00295350370063,-0.7232231811278874,-0.7374264007033432,20.120547183777997,0.05007707004876219
19-05-06,Algeirs,21.074291803026835,0.008737121437829,57.98063974764146,-1.2444084722044724,-0.8691041277908671,18.484829790692356,0.023028120311327834
19-05-07,Algeirs,21.061003182333454,0.008712669791725278,57.669997666352515,-1.0581520650263592,-0.9985223038402975,18.14159331488502,0.011130321642910727
19-05-08,Algeirs,20.838129822973794,0.008758792030783644,58.532089540954836,-1.2282798539897424,-1.1132544544415859,18.937023116092618,0.003745956020255064
19-05-09,Algeirs,20.283673015574692,0.008629767489441394,59.30704986658298,-1.559118072163404,-1.1335336091079724,18.98560629397161,0.03647728338334584
19-05-10,Algeirs,19.919281569622076,0.008215281190633176,57.69362097054788,-1.6515462430610257,-1.015749324178622,16.936821796450502,0.03533148912228057
19-05-11,Algeirs,19.514007286478382,0.007931852139023761,57.13874886214778,-1.6178273965292127,-0.9526866077348769,16.83025116234101,0.08096692141785446
19-05-12,Algeirs,19.66928815176344,0.007827847642131151,55.86186542529768,-1.169604434830814,-0.884733331868969,16.89861814116323,0.08911231714178544
19-05-13,Algeirs,19.81839978432017,0.007787577568954947,55.23331934049088,0.30484638543905734,-0.2936350844848549,17.25675970148253,0.07848807905101274
19-05-14,Algeirs,20.212717075019036,0.00831833333759305,57.76399337928812,-0.18997156883026234,-0.7439373052172699,18.82985751258191,0.1057239895911478
19-05-15,Algeirs,20.22530388556674,0.008426986160910891,58.50513553603288,-0.5601417510458014,-0.9899992193305392,18.51409121397645,0.05509336318454614
19-05-16,Algeirs,20.771819022966586,0.008113955345435525,54.437205234838444,0.004264027564201284,-0.6290639571611969,18.41320392744307,0.09649228713428358
19-05-17,Algeirs,20.85665646930098,0.008508023464665709,56.47776756519138,0.3805967482662768,-0.5157593894341154,19.635076149616218,0.09151291729182298
19-05-18,Algeirs,20.82590680576701,0.008312934994732417,55.637340752710024,-0.05455265486696723,-0.28769018797989504,19.186405441194037,0.1365731081207802
19-05-19,Algeirs,21.457995049862483,0.008335378442959323,54.15527641257217,-1.077590950620291,-0.5358727325805505,18.349869885200054,0.0781915205363841
19-05-20,Algeirs,21.706764539130788,0.00865495669050413,55.47290890441296,-1.7650424955983512,-0.8880016360596458,19.533255176300944,0.05206946267816955
19-05-21,Algeirs,21.13246287770163,0.00957359071937215,63.250685095867546,-2.024527322846548,-1.8198295355780767,21.80284781758712,0.27557963709677424
19-05-22,Algeirs,20.812987732511903,0.009327053594547418,62.66556665714934,-2.165259685753001,-1.8251702388940785,21.15442594604571,0.3650392090210053
19-05-23,Algeirs,20.87079845923572,0.009146973869844272,61.36167971157795,-1.808448093452918,-1.6131384910332858,21.837341649932068,0.4348441602588148
19-05-24,Algeirs,20.712410172894117,0.00927716019015666,62.50111301692912,-2.554529653926656,-2.0631394311107933,23.077377454678278,0.4153082215866466
19-05-25,Algeirs,20.963614726084717,0.009131130481708938,60.765998664192026,-2.228184073544488,-1.76792507937243,21.586789908242782,0.2388588358027007
19-05-26,Algeirs,21.255612706458646,0.009088077113098367,59.529123381511326,-2.4467126822043235,-1.5084892184346486,20.317060921877204,0.11383334114778697
19-05-27,Algeirs,21.310725342020337,0.009377109785513156,60.997563921072754,-2.962504748687709,-1.6653442224844814,19.588940944415867,0.02201771145911478
19-05-28,Algeirs,21.425653695166137,0.009498016830538199,61.30920167915462,-3.0120166700285433,-1.8050106062812947,19.497111440956907,0.024413622936984247
19-05-29,Algeirs,21.48825463955354,0.00927568531314132,59.69120512835888,-2.710253333481942,-1.6647668231473574,17.94834118870667,0.03189732980120031
19-05-30,Algeirs,22.31838829286662,0.009593422255371468,58.935864564242074,-2.043382404041499,-1.4443557909847244,18.131786888918302,0.03448254641785447
19-05-31,Algeirs,23.061885770209887,0.009741685727124038,57.287363166426324,-1.9008801356369467,-1.450354082094558,18.08998039077747,0.008885326800450113
19-06-01,Algeirs,23.758979224014222,0.010010342389286742,56.87287957090591,-1.5499514591116368,-1.3594583184592934,19.584213287724825,0.02236144973743436
19-06-02,Algeirs,23.833873189309667,0.010523046466805927,59.54140853602816,-0.6476330948046204,-1.2967645091503182,22.263394266085257,0.05912796558514629
19-06-03,Algeirs,23.199526741875154,0.010679705727427366,61.97332168061844,0.1673416175151292,-1.1601871755841497,25.000102810088798,0.12363442423105778
19-06-04,Algeirs,23.087860953638163,0.011275961718479043,65.70457499635371,-0.10832376886037223,-1.3606226742326342,26.8588980230414,0.20130872561890473
19-06-05,Algeirs,22.452743812870356,0.011535944849757401,69.63263577456235,-0.2866301658600842,-1.5787415457064646,28.202332426481295,0.2081550661102776
19-06-06,Algeirs,22.124926580528058,0.01153870789279682,70.95416019828536,-0.7533945431254161,-1.768782208191979,28.94830900043898,0.12609011627906977
19-06-07,Algeirs,21.719767462322146,0.011574622726085195,72.97559693506223,-0.4734897305788333,-1.6961150773170575,27.409976460508005,0.08184282398724682
19-06-08,Algeirs,22.195119875101852,0.011463033775833473,70.6070605722747,-0.8173541836716669,-1.597309108274232,23.88109116116951,0.11986736918604653
19-06-09,Algeirs,23.312619158780105,0.01085351118664983,63.82559275954895,-0.25656022338879786,-1.2020385944240641,21.53436203365565,0.011282703488372094
19-06-10,Algeirs,23.443745316049938,0.010980903363734413,63.623926967588126,-0.3626499409427095,-1.4054055505153984,22.771539196450284,0.051034731339084774
19-06-11,Algeirs,24.08517821326996,0.011177467714424598,62.75366792075185,-0.6822773328502288,-1.3174207790418302,23.0931296986024,0.08933825253188298
19-06-12,Algeirs,23.762001001458533,0.01097635578969632,61.75360588076158,-0.3682160976744789,-1.1721770953654198,24.277652171540545,0.1488866192699491
19-06-13,Algeirs,23.149990972750842,0.010023117745584582,58.10402554372331,0.028275449167127722,-1.041480397003267,22.64226866596686,0.04100738601116625
19-06-14,Algeirs,22.62725271149256,0.01013091395831837,59.94169037671155,-0.23971415498540175,-1.409017255605272,23.77726709611769,0.050682139810794044
19-06-15,Algeirs,22.614951649374802,0.010188095307952717,60.335306572914114,-0.17313931637446642,-1.3656346166900653,24.319892849867458,0.06435425713399504
19-06-16,Algeirs,23.66349814571165,0.009995390497511546,56.24382507569589,-0.11987350356920601,-1.0972262921421185,23.91728653589046,0.15850360576923078
19-06-17,Algeirs,25.738808305801733,0.009262348438680136,47.862467110902074,-0.2107291391279613,-0.37904810875397743,22.71210124620581,0.06989158459987593
19-06-18,Algeirs,26.02394902439907,0.009811218607591632,49.12587979103695,-0.17034218275227916,-0.7202716289724646,23.215597183359026,0.036356719137717125
19-06-19,Algeirs,26.393742730540435,0.009566249679266354,47.127786965572064,-0.18621115718250494,-0.9489131330860688,21.783968616326902,0.030926256203473945
19-06-20,Algeirs,26.676280947772614,0.009132261226964138,44.50188393558817,-0.2897215478541929,-0.7743292094782172,20.93917614944816,0.021507395704094295
19-06-21,Algeirs,26.856430975793106,0.009572055751628101,46.11197468906494,-0.35572687059269664,-0.7833793805398145,20.745404364139066,0.006606942075062035
19-06-22,Algeirs,27.23228660789356,0.009912533936956553,46.56140785040172,-0.35426625253283855,-0.5985734846058188,21.165500456900812,0.029111740074441696
19-06-23,Algeirs,28.2761141171228,0.009502580536924418,41.80244489254306,-0.15145077521160435,-0.561174258511286,20.085408622797384,0.021425975108560792
19-06-24,Algeirs,28.552122050064987,0.009091991322840602,39.46519723595963,-0.28711230895495987,-0.6494623036663462,18.84312996313383,0.00936821495037221
19-06-25,Algeirs,29.320239042584724,0.008884245328678188,36.535609364661184,-0.5831357953234104,-0.7298415798949168,19.270506689810283,0.012023834910049628
19-06-26,Algeirs,28.36007727843038,0.009615269305011737,40.95571800653012,-0.3445227831149062,-0.961405900194663,21.284573322046484,0.029200188042803974
19-06-27,Algeirs,27.62846281723679,0.009804596570944754,43.48451224750754,-0.2050234123024408,-1.04994563516518,20.859761234404285,0.014634625077543425
19-06-28,Algeirs,27.66741342390714,0.010212393957822844,45.516268266892766,0.05905093500563154,-0.7625527876902661,22.9654368989373,0.03940659894540943
19-06-29,Algeirs,28.1371523807419,0.01071271482700824,46.28758072294573,0.20132922408714105,-0.9629726697825636,24.872981947028165,0.01396969021401985
19-06-30,Algeirs,28.47456035767804,0.010781469515858597,46.12210805164304,0.11533669909278942,-0.9330651874073069,25.708863374956938,0.02777896246898263
19-07-01,Algeirs,27.391121156280526,0.011033166952805436,49.566195449721135,0.18886707227920027,-0.8810269699846743,25.829649771309967,0.018514461848635234
19-07-02,Algeirs,28.287293868265774,0.010982821997902955,46.5547631443878,0.01307282654714968,-0.7032897257695384,27.2112365000597,0.04037686104218363
19-07-03,Algeirs,28.859082555060656,0.01092602679065668,45.21919821621689,-0.2544591027535367,-0.4523993506401626,28.19816459890631,0.07336237980769231
19-07-04,Algeirs,28.523654095292095,0.01062876023097217,45.0484026137268,-0.08760378429610761,-0.5542466283178288,26.882110976773518,0.06673774813895783
19-07-05,Algeirs,28.237880469669815,0.010302366052513594,44.47052108078973,-0.03482948650538227,-0.5819908687024613,26.694985260638795,0.07782282296836228
19-07-06,Algeirs,28.619169610072905,0.010147585046020514,42.93706884024753,-0.06661855508949373,-0.434198251553092,25.386128071952548,0.08012271246898264
19-07-07,Algeirs,27.973062174136572,0.011067280839604286,48.29328832080029,-0.20319143590086344,-0.6842746091525028,25.840675068226997,0.11419553543734492
19-07-08,Algeirs,27.92444951516499,0.010674559796243379,46.311963028126115,-0.44760687052723785,-0.8468993686936844,24.102321596410373,0.05490316764888339
19-07-09,Algeirs,27.706381835416654,0.01041898372533694,45.97119998906371,-0.32724781115438334,-1.076322885564227,24.051241598638796,0.026125833591811413
19-07-10,Algeirs,27.944300677935832,0.010417422490925936,45.514077636906435,-0.3828185048246264,-1.0601890739337576,24.859963772096503,0.0292190892524814
19-07-11,Algeirs,27.860870608265653,0.010268095225206532,45.1314120853916,-0.27906629858895365,-1.1091535655034288,24.426532295227943,0.008662569789081887
19-07-12,Algeirs,27.55980676291279,0.01010817984051281,44.79078200488321,-0.183127622397555,-1.1451594160441463,24.630268729990235,0.018357678737593055
19-07-13,Algeirs,27.594183750365346,0.010458253082403236,46.05349135918741,-0.13910740703001967,-1.1947883401261206,26.423929625272603,0.07054513027295285
19-07-14,Algeirs,27.812974261527383,0.00990074889811444,43.09877051505869,-0.34012243537923936,-1.1727062416955627,25.54018070256296,0.02872208436724566
19-07-15,Algeirs,28.24340529406311,0.010315528440725542,43.632760917315856,-0.4479568540567492,-1.0945966580717075,25.785344540455352,0.029009964330024823
19-07-16,Algeirs,28.92478935120982,0.01016402530110932,41.64254802427724,-0.43474110557211004,-0.894921410620507,26.07167533937814,0.03806097821029777
19-07-17,Algeirs,29.02830043868421,0.010031801542663967,40.97126893461048,-0.681328331541082,-0.9885481578024676,25.044571945200637,0.045929212546526064
19-07-18,Algeirs,28.772160706507965,0.010373118565677525,42.88188971673733,-0.7663932635475509,-0.9643800660525512,23.998165126584897,0.00592383297146402
19-07-19,Algeirs,29.237481422518673,0.010589902381468366,42.570274091321544,-0.67607033523942,-0.8700312462731306,25.1544952168617,0.027766603985732014
19-07-20,Algeirs,29.379040126113956,0.009958037662210031,39.525701694560254,-0.606327604210245,-1.0043882588906143,23.47513423042543,0.008966443083126552
19-07-21,Algeirs,29.085428584006223,0.009960322737377184,40.201563593826585,-0.4330667285992385,-1.1483231677322667,22.32752873585109,0.0036382405397022335
19-07-22,Algeirs,28.458245918959147,0.009932001289175214,42.16663604061346,-0.47880628680311,-1.092430522055591,22.46151252083289,0.022593777968014324
19-07-23,Algeirs,28.629747390746786,0.009789554578052166,40.66816641172907,-0.17754877441706476,-1.1048916537386881,23.588991130093483,0.011511079016749382
19-07-24,Algeirs,28.172439394280907,0.009440434178085126,40.306786135632194,0.034975796096372115,-1.0955777319635907,22.994369486484576,7.432052574441689E-4
19-07-25,Algeirs,27.520140303098007,0.010476096687228301,45.63357864728859,0.17085238494785873,-1.1911409629643839,25.56473479503142,0.003957864841811415
19-07-26,Algeirs,27.142372741888323,0.011165737182332136,49.52709104282315,0.10762635229823542,-1.1652527374961825,27.191671580649345,0.014264112903225806
19-07-27,Algeirs,27.655968065711225,0.01152215876761732,49.715344378799564,0.05193905237233706,-0.5894404905612798,29.135749402801245,0.11076181567928041
19-07-28,Algeirs,27.706683863362716,0.01136967709622948,49.660782537784975,-0.16438862995074097,-0.4531119952941027,28.353175433242594,0.07867531598945411
19-07-29,Algeirs,28.026781133504763,0.011682397144630038,50.23355510045148,-0.14601701247271176,-0.6895227036679484,29.032252038641836,0.023849449441687348
19-07-30,Algeirs,28.589481751321,0.011984890926111217,49.68181734767282,0.027277760204580188,-0.7565085240867674,29.593530889432277,0.03229901713709677
19-07-31,Algeirs,28.969548812160724,0.011873513564306602,47.78533071294685,0.05206512249243049,-0.8252388342522461,29.413103176013706,0.03776267834987593
19-08-01,Algeirs,28.631620978598864,0.011889065579153313,48.864630201325824,0.015488517119868648,-1.0345319806932864,29.53625061688737,0.042641129032258064
19-08-02,Algeirs,29.432491111045135,0.011985849732332044,47.39844028802206,0.18764039969524096,-1.0965689329995296,30.075073010583527,0.024289750697890824
19-08-03,Algeirs,29.36292956461059,0.01143863372921481,45.6468905104375,0.15437319625532908,-0.8681822268162808,29.570826699039337,0.07289130350496278
19-08-04,Algeirs,29.927139457224293,0.01057016135800544,40.94537796992301,0.15783493308335986,-0.8711511040504136,28.154460365086717,0.0279493156792804
19-08-05,Algeirs,29.685435367635968,0.01028549893176284,40.6169427973461,0.02510029203388144,-0.9635030852795762,27.647174265219025,0.03600195797146403
19-08-06,Algeirs,29.487916504715237,0.010570949600506599,42.382589895690494,-0.044082716565435824,-0.8362731227743702,27.068661697419643,0.03091898650744417
19-08-07,Algeirs,29.37561973152886,0.010174506314936348,41.247276631837,-0.03569079840773017,-0.9979289212190849,26.5366240190624,0.027956100728908192
19-08-08,Algeirs,28.425421487131146,0.010186812390814749,43.527409655007325,-0.14445131232576877,-1.0657602949874116,26.928055713035477,0.07419379071029777
19-08-09,Algeirs,27.959998221550972,0.010404740811690889,45.41007407268801,-0.4410356249742916,-1.2667416465959853,27.06173880024081,0.05544064050868488
19-08-10,Algeirs,27.106514114658907,0.011267263162218537,51.11050687606815,-0.4901551859578927,-1.389568952618812,28.033718846986076,0.06663888027295285
19-08-11,Algeirs,26.374446222977195,0.01124096944284599,52.8868685513328,-0.6949609466934878,-1.4557318707020261,27.13529115164324,0.061126754419975185
19-08-12,Algeirs,26.123762144817444,0.010586639544658116,50.850457639896106,-0.9233909254860052,-1.4074825433170584,24.9481610265988,0.03841283149813896
19-08-13,Algeirs,26.309798097610305,0.010470520577573259,50.101650165343116,-0.7224405226597865,-1.2983685237228606,23.24382057756962,0.010481932382133996
19-08-14,Algeirs,26.899956368689892,0.009838249394974349,45.02520782051622,-0.4940451383467413,-1.0383193342721173,22.16576846324407,0.03326515973945409
19-08-15,Algeirs,27.664122494870085,0.01032801581506114,45.470359420195855,-0.2049018254227611,-0.9511640115746026,23.853504026316973,0.04588389810794045
19-08-16,Algeirs,27.342819290657854,0.010950614206161639,49.436347441478794,-0.2538165115683974,-1.099591617513584,24.74564359483145,0.03624573511166253
19-08-17,Algeirs,26.734851059783278,0.011216122359119188,52.807233033475306,-0.2720902279522507,-1.2022465844352772,24.668065021540183,0.03760250271401985
19-08-18,Algeirs,25.137402700135365,0.011781883579146045,59.75985802164667,-0.5466998789435497,-1.4415313240953231,24.393918499124993,0.0521712158808933
19-08-19,Algeirs,24.908885922207038,0.012258278456104995,62.92041902095079,-0.5513900944582444,-1.539709799012818,25.948135579260942,0.023131445797146405
19-08-20,Algeirs,24.666065811223394,0.01275890821571936,66.37383721071129,-0.6475681057764449,-1.483233289547028,26.884530931319254,0.09466477008374691
19-08-21,Algeirs,24.337778327482745,0.01253651767140539,66.11971116054887,-0.7222531626323805,-1.3370259733622643,27.505472846809894,0.16084444789081886
19-08-22,Algeirs,24.141310124716693,0.012045919163979906,64.43616427903066,-0.6060437695370182,-1.0303103830086187,25.929979967357358,0.18464979450992558
19-08-23,Algeirs,25.091777535289353,0.012440921863317925,62.486653146739336,-0.45399676600280797,-0.9676792659506305,27.801316297760522,0.1360099546370968
19-08-24,Algeirs,24.973662350254575,0.012392436827615422,62.41220566040602,-0.6353150488384859,-0.9652234338741458,28.663798580579368,0.15190029854218362
19-08-25,Algeirs,24.90634237589957,0.012203948090838019,62.07831067662159,-0.428128639328439,-0.8934793531884219,27.64897276254801,0.13264917416253105
19-08-26,Algeirs,24.42389926638252,0.01173378427226383,61.203905808322936,-0.3295211693180836,-0.9597889488276193,27.669006355565333,0.1638604024503722
19-08-27,Algeirs,23.69228017915859,0.011564740646649592,63.03097433210455,-0.4658382057445565,-1.2438905679607433,26.980206733049073,0.06404747596153847
19-08-28,Algeirs,23.369033705921968,0.011437221926021842,63.32372167629211,-0.7182846876141349,-1.3550820342249277,27.563632580870884,0.25056509770471463
19-08-29,Algeirs,22.84630735009245,0.011122201517042036,63.27108747843403,-0.9350761574442786,-1.4248229775517613,24.751543185671345,0.07802031637717122
19-08-30,Algeirs,22.980472730702886,0.01110184538269339,62.760383371276696,-0.9377054078499585,-1.375396576694095,25.18360349641138,0.1012409371122829
19-08-31,Algeirs,23.092875197744263,0.010619848112508512,60.13501003400861,-1.221464315019034,-1.4080187236931507,22.95046125788695,0.014932440291563279
19-09-01,Algeirs,23.513505127648823,0.010789460804112729,59.872384812388916,-1.1586162704990237,-1.2175627334223875,23.711323067102185,0.11630641284119109
19-09-02,Algeirs,22.678111149004643,0.011049651067091411,63.966982788032404,-1.2854031302532307,-1.3544562755689227,24.665684910876582,0.18431078435173698
19-09-03,Algeirs,22.71813693129398,0.0105803387427324,61.49181526403125,-1.2582411053288738,-1.2199227720213928,23.459525286397035,0.28686317462779154
19-09-04,Algeirs,22.2174942328972,0.010891815727298141,64.73463787210936,-1.1936652952871203,-1.2598110935058255,24.53851752835454,0.21286687732630272
19-09-05,Algeirs,22.285638443471253,0.010714540743867278,63.471416306362556,-0.8417905389038518,-1.1885768529138296,25.256365497750473,0.3626766536135236
19-09-06,Algeirs,22.035028558096954,0.011043258411377939,66.0416299855221,-0.03761074920573807,-1.1308227411905352,27.540590937724037,1.120319527372829
19-09-07,Algeirs,21.307630948215934,0.011092277733300638,68.75207828559148,0.4016311109437412,-0.6059691520438752,28.307433709080705,1.1656380854528536
19-09-08,Algeirs,21.644456644981254,0.011021510975050237,66.72708173458541,0.3523179229135102,-0.602850052626134,28.5089618003324,0.6299487244106698
19-09-09,Algeirs,22.314041026354495,0.010925299100575016,64.12194715665456,0.05928482332017006,-0.33978991873712416,26.881884379969634,0.7724054454869727
19-09-10,Algeirs,23.973865859502574,0.01149363210013319,61.60161207018804,-0.4718834358977414,0.39892702096732136,28.926021879648896,0.6402118389423078
19-09-11,Algeirs,25.753496416981566,0.011396399386985853,55.52228423910535,-0.9255729165615334,0.8649139708463728,30.774393721926895,0.43532006048387095
19-09-12,Algeirs,25.893664207765987,0.011488122227049962,55.330525570279605,-0.7795722897291738,1.264985390028731,31.00812509076175,0.5925895141904467
19-09-13,Algeirs,25.842813059946273,0.0116171108152855,55.8212032373135,-0.6549624861882521,1.1097549652015106,30.803978806689717,0.6217591695099256
19-09-14,Algeirs,25.559254999373596,0.011777864116810642,57.910725277673365,-0.42347813923934635,0.7230475132754169,30.563180083258278,0.2980245812655087
19-09-15,Algeirs,25.14816252173608,0.011806212457326022,59.28155658123807,-0.1020951409500382,0.26039580532961465,30.36175843064602,0.15541156172456574
19-09-16,Algeirs,24.769541655107314,0.011979794593890232,60.9921788553668,-0.15051905813958466,-0.21604546165644775,30.161003283771773,0.16606263570099256
19-09-17,Algeirs,24.541708234048567,0.01102533906330421,57.27120064172348,-0.28123687215758975,0.004104224244514665,27.972955651577593,0.10494678582506205
19-09-18,Algeirs,23.829670326053016,0.010953268805959567,59.6822777024126,-0.16896278372584841,-0.44090678534359035,27.42424212849835,0.02828541795905707
19-09-19,Algeirs,23.865816398767272,0.01053868318790129,57.12712498699171,-0.1641752659773548,-0.4184810688976375,25.742536031120178,0.019219622363523575
19-09-20,Algeirs,23.776790146910464,0.010268315410510279,55.73510836517397,0.03124214163729541,-0.3151796761887933,24.705315204944565,0.006783111042183622
19-09-21,Algeirs,22.964654241661297,0.009728243044465531,55.148874696726836,0.066823444660768,-0.6788955669483865,22.803245771252936,0.012002752791563277
19-09-22,Algeirs,23.175177969826066,0.009748279558434818,54.57511762892343,-0.0662134965150695,-0.7561357123492737,21.472939988242338,0.015449800325682385
19-09-23,Algeirs,22.04959379449382,0.009942979614172223,59.462280014408734,-0.11345705560857161,-1.0257280656488907,20.53868601063715,0.1317937732630273
19-09-24,Algeirs,23.31947312000074,0.009089119058525132,50.399482052586514,0.14518996735542486,-0.6403163276004116,19.04244141633583,0.030382482940446653
19-09-25,Algeirs,23.646579368534475,0.008785155266680255,47.90066299854822,0.06907881934682067,-0.6357237875245215,18.379997729458303,0.017146789702233253
19-09-26,Algeirs,23.65178992221725,0.008791905759339639,48.16623647793499,0.16912998907957447,-0.6204392444172775,18.10270917554647,0.009285098092431762
19-09-27,Algeirs,23.198574813009763,0.008775024387492074,49.42040369653007,0.3929343813114176,-0.5116312708564446,18.35174737719833,0.07943669548697271
19-09-28,Algeirs,23.037039089794465,0.008817456999869333,50.3549186906507,0.4843689152887765,-0.685857677020854,17.42595642748342,0.04034875155086849
19-09-29,Algeirs,22.183976215286883,0.008392119312932758,50.86400639095689,0.47208258998234187,-0.6676021052650932,17.507218041476182,0.0684965299317618
19-09-30,Algeirs,21.625853625598182,0.00826919279941775,51.82520020875165,0.4083380147366707,-0.6781740199083486,17.486352657909432,0.0941704307537221
19-10-01,Algeirs,20.635930731397295,0.008347515846396005,55.104321294168834,0.5498233951994,-0.7284103897544282,17.57971027205807,0.12635095184553352
19-10-02,Algeirs,20.383990170050684,0.008019211657405453,53.88021462281274,0.7650957389248746,-0.6946184768394822,17.684525460511374,0.20665928388647645
19-10-03,Algeirs,20.24104973494879,0.008575477987818814,58.00166706036841,0.10151843664647704,-0.8111687615682962,18.661724124728675,0.16194798774813896
19-10-04,Algeirs,19.873159783413247,0.008824136592164663,61.31882319955466,-0.24579420233720306,-1.1809121369959956,19.17051172994133,0.36925790942928044
19-10-05,Algeirs,20.439907292278665,0.008780145843571226,58.817666154722716,-0.3571579139485035,-0.4894977543266352,19.68812715936609,0.261814709987593
19-10-06,Algeirs,20.49632787929299,0.008961329900286037,59.39868320671856,-0.3431668628836841,-0.18576322078062357,20.432235921057813,0.1577759091966501
19-10-07,Algeirs,20.720932743034822,0.009397057595662917,61.70666439656732,-0.5933747658956726,0.038230319518698784,21.964654901368593,0.3867165690911911
19-10-08,Algeirs,21.44503182595787,0.00893322649627175,56.61337494293306,-0.5824654284773004,0.7676459065605117,21.28812847255773,0.14353433235111662
19-10-09,Algeirs,21.25255758898441,0.008451281491883036,54.449434531688986,0.01826860167500213,0.7494611853809996,20.965556034161047,0.4359130253566998
19-10-10,Algeirs,21.288005620729365,0.008315615425851972,53.5941375191617,-0.02898450020884434,0.9906087712033362,20.339095551479915,0.2198751066222084
19-10-11,Algeirs,20.87112446683232,0.008413529567637931,55.79317327900502,0.05165498598826862,0.6319450633787943,20.4819686092159,0.1661009227667494
19-10-12,Algeirs,20.557225703838327,0.008842770294681343,58.85988015531014,0.16474211969826305,0.5302815078851871,22.293932042110054,0.1905469719292804
19-10-13,Algeirs,19.328296359064776,0.009022936978073076,63.74005699334458,0.40124935099565656,0.021313445998739605,22.189750222273855,0.27091709638647643
19-10-14,Algeirs,18.998164028328866,0.008832634387648476,63.25218589570624,0.38454780748561324,-0.3364158802952395,21.817978639209244,0.2287981738523573
19-10-15,Algeirs,18.277465323360854,0.008225625120398912,61.60423806553739,0.8452196151826554,0.01647406800573902,20.589963963625966,0.551988746510546
19-10-16,Algeirs,18.36000991411918,0.008625222781334952,64.64952967450135,0.7827950723102319,-0.22607064719703035,21.869875332820357,0.7052654408343673
19-10-17,Algeirs,19.48331871411367,0.008851266344704447,62.02766856348544,0.4115735028108498,0.4125170547087119,22.809052049555344,0.2008985344292804
19-10-18,Algeirs,18.686193556821316,0.00900873008192476,66.59000308965483,0.5109879134434202,0.6903786851743947,24.110398656543968,0.7408542377481391
19-10-19,Algeirs,18.50726850796006,0.008404209158104116,62.8995277173466,0.7345332407191679,0.7136051417457459,22.291840084621843,0.7168341927729529
19-10-20,Algeirs,17.03706918330725,0.008439215730295678,68.21263849784808,0.7740006838796685,0.34015230993192774,21.198772495905537,0.42800747324751864
19-10-21,Algeirs,17.017057622337102,0.008496325149952069,68.591932459623,1.1553441164309743,1.585340331220084E-4,21.42536066016991,0.5918683603442928
19-10-22,Algeirs,17.008817339298684,0.007860140909687115,64.26888024338867,1.1940227115907096,-0.07033341056461312,18.662983779424327,0.17806441919975186
19-10-23,Algeirs,15.36316484422919,0.007685890584856697,68.78305728206269,1.570389530249389,-0.3277502504775652,18.354452964134758,0.34510119416873447
19-10-24,Algeirs,15.432847147366779,0.007893836878533999,70.02073828583912,1.5136389251924025,-0.5481718240617145,18.689440911451808,0.27704302690756827
19-10-25,Algeirs,15.811432987880698,0.008000686937684487,69.80046106984392,1.6447442047535774,-0.27797472654015337,19.71490446593492,0.3313772196805211
19-10-26,Algeirs,15.983726939847624,0.00769864946265831,66.66265706057584,1.3580754219929903,0.006081788491090746,19.066656927910472,0.2593003644540943
19-10-27,Algeirs,16.835368955224318,0.008188953128340995,67.31419983410805,1.2784488081761796,0.07233540813512439,20.584666162866075,0.3097261263182382
19-10-28,Algeirs,16.37410922653941,0.007799705586133429,65.43537259593644,1.5267064418798233,0.28087050007268066,20.043087522369387,0.39086368835297775
19-10-29,Algeirs,16.871501711403106,0.007935534606746366,64.44448943131468,1.366248596528187,0.6271013177253638,21.057127005531093,0.41722627171215887
19-10-30,Algeirs,16.09107490118349,0.007833783812155966,66.07510551965562,2.4822024992771006,0.6827836603472291,20.31097288244859,0.42356035786290325
19-10-31,Algeirs,15.505856752750827,0.007850718597269666,68.33857101905286,2.830038626524475,0.7120238128613646,19.691193205504575,0.6558991160049628
19-11-01,Algeirs,15.30465473537137,0.007484179651460555,65.8628365778154,3.032567309173397,1.116644892472235,18.556069868546047,0.4871769831730769
19-11-02,Algeirs,15.035856492111396,0.007315864609281968,66.31600618889699,2.8441543707642234,0.9445138610164532,17.742146041941258,0.5466983463864764
19-11-03,Algeirs,15.012427168034675,0.007077156615875897,64.45705603700566,2.79215576074784,1.1809714514596008,17.12720876247726,0.2404374418424318
19-11-04,Algeirs,14.090218389596515,0.006535582947427039,63.295953752488714,2.896357667164775,1.3677888492489276,16.015487403757223,0.43886500659119115
19-11-05,Algeirs,12.403934631513506,0.006159171569342385,66.31228837670376,3.3711615544735105,0.7835877259528823,15.029117558426952,0.7117708494882135
19-11-06,Algeirs,12.47752326085036,0.006133725188355724,66.2513822304108,3.1040120340632256,0.1568979156698101,14.034505976109811,0.6386234103598015
19-11-07,Algeirs,10.64793459523125,0.005697655625589061,69.24987914258284,3.039917540860558,0.3944632346507318,13.468708574858777,1.2982121394230768
19-11-08,Algeirs,10.743126871213295,0.0058395458478356,70.62407272870725,3.5332859172801294,-0.3946226648786609,13.665564003976861,1.2356224798387097
19-11-09,Algeirs,10.66916903491072,0.006131617885961347,74.18111293022301,3.2484505951549796,-0.48026377053360986,14.62675711557491,1.6148684669665014
19-11-10,Algeirs,11.173064905005878,0.006114423068968747,71.64474228724801,3.274536652790589,-0.06642476774266257,14.646475444225684,1.387143057924938
19-11-11,Algeirs,11.581451413176076,0.006007066665685578,68.69307072456215,2.6942443236263602,0.6222983279598692,14.30844446739399,0.6507701031327543
19-11-12,Algeirs,11.750469352471505,0.006193413182530457,70.0354405350558,2.226794026194648,1.2402034458161306,15.074593235404409,0.633009266439206
19-11-13,Algeirs,11.921166701707477,0.006073836064196782,68.09839485910335,2.195945570726492,1.5980841116503632,14.689370443156132,0.5921048677884616
19-11-14,Algeirs,11.219906823037753,0.005779916490530158,68.12494262935358,2.01665123178701,1.6452302320180883,14.151273195525038,0.8231404117555833
19-11-15,Algeirs,11.209792371778443,0.005843659870639367,68.37518456313511,2.023928456436412,1.5468735877654216,14.648078826136391,0.610547601969603
19-11-16,Algeirs,11.240849256988957,0.005916873449911756,69.42577974581837,1.8253738486994837,1.2045031236084671,14.686037594634605,0.7342882482940447
19-11-17,Algeirs,12.244816223149453,0.00572806126635507,62.98969020427162,0.8884291614568304,1.7167993139570663,14.821522805527334,0.30522279195099256
19-11-18,Algeirs,12.465661138459009,0.006085786752027936,65.63987594883585,1.010352096760645,1.2738858962746613,15.409199088741621,0.23573394851116627
19-11-19,Algeirs,12.168528742470942,0.005925383143497336,65.28384029054021,1.542587441612176,1.01513787936769,14.852076960290338,0.4136621820719603
19-11-20,Algeirs,12.965144737896983,0.005702256984218038,60.15648520736777,1.5485164147353534,1.2319736033734754,14.521241052424717,0.1940473305676179
19-11-21,Algeirs,12.809438990836895,0.005868506191077595,62.79848163238827,1.4663892746071259,1.1116960981300232,14.012283306822145,0.25302104334677417
19-11-22,Algeirs,12.418337585316895,0.006219831982753134,67.43351041034197,1.896577377546373,0.9938158517909023,15.450549139484542,0.6182040458281638
19-11-23,Algeirs,12.447159407215924,0.0064561463155755625,69.78091619263216,2.2071048854292963,0.2983542958386503,15.19186044437233,0.5125000000000001
19-11-24,Algeirs,12.616997086854099,0.00655330227868572,69.77066316893763,1.578201547029079,0.4375330179367372,14.975066328094927,0.2095315407878412
19-11-25,Algeirs,12.512950972233067,0.006753230851183174,72.20722950905488,1.4718710950971536,-0.10926078431645794,15.496602695999165,0.6059010545905708
19-11-26,Algeirs,13.310723381302996,0.006856346942294843,70.07458906541983,0.9273164351764696,0.5712168487312617,16.067062410274083,0.5042348402605459
19-11-27,Algeirs,13.388049412365502,0.00657218448969496,66.75030125604376,0.7961580839439827,0.8386261840611249,15.407776648355258,0.12146256591191068
19-11-28,Algeirs,12.818900895533046,0.006238207246608979,66.18343627139298,0.8077469526074217,0.5322353074715883,14.82047714359744,0.2681204443238213
19-11-29,Algeirs,12.290889654680347,0.006303826951652607,69.36045788070996,1.0244689352304845,0.8826379136299224,15.70320229267993,0.7155040807227047
19-11-30,Algeirs,12.430592935789507,0.006084440995642404,66.20153071062441,0.24199950078347157,0.985279651344741,14.740079229589432,0.41825881087158806
19-12-01,Algeirs,12.241176698225795,0.005970457574247834,65.68208091984464,0.2878816214919111,1.4363292755212875,14.597713840654855,0.2259499069478908
19-12-02,Algeirs,12.077740671262154,0.005903261277395161,65.52285212310906,0.4999793709960638,1.5198172505621457,14.813556560130776,0.279427971851737
19-12-03,Algeirs,12.116212199994603,0.005776672104838875,64.30293340885609,0.8664507614006134,1.677081502357205,14.419705279482063,0.23394996510545907
19-12-04,Algeirs,12.088309587971043,0.005920165358143761,66.24707704222676,0.788618161535512,1.3791565916459425,14.754405681371098,0.15950997402295283
19-12-05,Algeirs,12.22089379573302,0.005670120940602678,63.07763490107456,0.7278069196302279,1.1444195759324962,13.266377661758039,0.20302879768920595
19-12-06,Algeirs,11.95379179583017,0.005952936385146499,67.32573481084543,1.210021101929094,0.64579857975257,12.631907039792013,0.17801474294354838
19-12-07,Algeirs,11.802082967285079,0.006107543579359203,69.9236434520696,1.180565438993242,0.568760586949441,13.403441914084087,0.10761452194478908
19-12-08,Algeirs,11.76194651665244,0.006046400335144336,69.4323899852357,1.6488989567114412,0.5594944751384152,13.2706582922775,0.13959827659739454
19-12-09,Algeirs,11.421384389465741,0.006043838313028756,70.57858453321249,1.8367075007428546,0.7380855316227938,13.523930946844757,0.14290913849255582
19-12-10,Algeirs,11.524300714639695,0.006144855498862832,71.19700659790051,1.9768838027278783,0.6339950979149411,14.09999665046855,0.17036217625620348
19-12-11,Algeirs,11.95535284437572,0.0063488238612552424,71.4902665471025,2.040994395324477,0.7652342344497735,15.397996742335652,0.4971338011786601
19-12-12,Algeirs,11.945389070345403,0.006245236324246087,70.21144429289969,1.4720597303277678,1.3199200043240085,14.227041637176468,0.3410938953939206
19-12-13,Algeirs,12.200674023640257,0.006113884713314037,67.67037389633379,1.6213371884169134,1.7597166598271938,13.956231418203922,0.7138206614454096
19-12-14,Algeirs,12.176786257907306,0.006300224814856366,69.72447358613869,1.2138022687122456,2.16027768405433,14.619036508323834,0.7887537802419355
19-12-15,Algeirs,12.71189477863757,0.006107542609042551,65.11193656669953,0.9311679894885664,3.092837537075147,15.109466943246481,0.40938105808002484
19-12-16,Algeirs,12.392607797286844,0.006440092857760657,69.8921018656297,1.100807243954171,1.8788290922393167,16.79423080939365,0.9976390450527296
19-12-17,Algeirs,12.741525154610919,0.006590444705374191,69.47335766649276,1.2777176840385729,1.2694786738860222,17.50573615770482,0.33642868912841195
19-12-18,Algeirs,13.805968632118487,0.005885499308684081,58.48590435027041,1.3457160851759509,1.7230533100950693,14.967564449414944,0.09372964485111664
19-12-19,Algeirs,13.345239634904528,0.005726129328240294,58.746998922907686,1.0690008272979454,1.420338626224585,14.61984833961459,0.05247242361972704
19-12-20,Algeirs,13.254732474736697,0.006122047547778176,63.384035727729284,1.067766076835175,1.043049708344166,14.585452004348301,0.08358890353598016
19-12-21,Algeirs,12.718906584448824,0.005834924874849798,62.613801527503995,1.0888855382386788,0.6344400263587221,12.334424080599849,0.1180436278691067
19-12-22,Algeirs,12.393096600927926,0.005419865325412473,59.66819818260209,0.8887006780004479,0.1862386409106061,10.94540477431109,0.1247428950837469
19-12-23,Algeirs,11.838287876380186,0.0051624146502372,59.280249158361414,0.16991933554830826,0.25391647186196187,10.19810373852441,0.06143862437965261
19-12-24,Algeirs,11.697657758130816,0.005035407645522058,58.830492310976574,-0.16021374666040758,0.13201728184704145,9.704528174150006,0.05370512174317618
19-12-25,Algeirs,10.913622209156292,0.005119852663239735,63.00925786495209,-0.3046501905288807,-0.10228544138537984,9.601700829971518,0.08264747790012407
19-12-26,Algeirs,9.853019335725627,0.005522447489969158,71.8740044563565,-0.20309147580842157,-0.32756124797910546,10.380526380592187,0.08557474216811413
19-12-27,Algeirs,9.149707434727736,0.0052970545182629844,72.20994391338553,-0.254894199142684,-0.11254858033143912,10.398241394869153,0.07624505660669975
19-12-28,Algeirs,8.897477102279781,0.005062688681032759,70.56780911442216,-0.12766443006714093,-0.32992308638876927,10.148082212650822,0.1362670595533499
19-12-29,Algeirs,8.470652084019392,0.0048329481065701755,69.35559008186569,0.1576326557286306,-0.02446954037369001,10.3695908216681,0.2664144889888338
19-12-30,Algeirs,8.808932949000026,0.0048466609844597195,68.15396827287769,0.11949372053986837,-0.2893011363146238,10.042738966340611,0.26657684553349875
